,slidename
0,TCGA-33-4532-01Z-00-DX1.32ab8c26-7cdc-4e55-8c70-5a35d83f81a2.svs
1,TCGA-33-4532-01Z-00-DX2.cd6e3f47-14fd-46e4-baf8-2e682ade44d1.svs
2,TCGA-33-4532-01Z-00-DX3.a9eb5d3f-e5e4-45e0-8fca-3e50396445eb.svs
3,TCGA-33-4533-01Z-00-DX1.ee36717d-0571-40b3-8ab5-5465d2cca920.svs
4,TCGA-33-4533-01Z-00-DX2.2dad01a3-daa7-45d9-8c74-97ea5e707524.svs
5,TCGA-33-4533-01Z-00-DX3.5d3d54fc-2bee-4a9e-b9cd-d3ed84b55ef0.svs
6,TCGA-33-4533-01Z-00-DX4.b7cd127e-4d9c-45dc-bd5e-e95343819e4c.svs
7,TCGA-33-4533-01Z-00-DX5.b26513d1-9454-4332-b7d4-126ea4ff6b7a.svs
8,TCGA-33-4538-01Z-00-DX1.efde88cb-4766-4fb6-bed9-52b14059c7c1.svs
9,TCGA-33-4538-01Z-00-DX2.62dcecc8-576b-406b-81db-1651e5ea589e.svs
10,TCGA-33-4538-01Z-00-DX3.27b62beb-d3c4-493b-8663-73f128c0ad77.svs
11,TCGA-33-4538-01Z-00-DX4.038eb76c-beff-46f0-b0bb-b5c951305b52.svs
12,TCGA-33-4538-01Z-00-DX5.19d6ae2f-feaa-4c38-9335-6bb549631f94.svs
13,TCGA-33-4538-01Z-00-DX6.4eef2215-0a0e-478d-81be-207d566e8788.svs
14,TCGA-33-4538-01Z-00-DX7.4a9f5939-4299-4648-8f62-2a0909e8d3bd.svs
15,TCGA-33-4538-01Z-00-DX8.ec0d10ef-ec0e-4ad2-81fb-907754694e42.svs
16,TCGA-33-4538-01Z-00-DX9.f05eb71e-b511-4326-9097-5ca191f0100e.svs
17,TCGA-33-4547-01Z-00-DX1.7009df06-03f9-497a-b7bd-f8ef4244d152.svs
18,TCGA-33-4547-01Z-00-DX2.a864126e-e46c-4ce4-a3d5-792f35ccaa80.svs
19,TCGA-33-4547-01Z-00-DX3.9f19ec7f-6469-463a-a027-124c3fe5a06c.svs
20,TCGA-33-4547-01Z-00-DX4.a340ca7a-a732-482c-8df6-bcdcf14890cd.svs
21,TCGA-33-4547-01Z-00-DX5.0430003c-aa9c-4d8f-89fd-72fa63207740.svs
22,TCGA-33-4547-01Z-00-DX6.2bcc33c0-31f2-4354-b954-64bd646f40df.svs
23,TCGA-33-4547-01Z-00-DX7.91be6f90-d9ab-4345-a3bd-91805d9761b9.svs
24,TCGA-33-4566-01Z-00-DX1.C256546D-D3EC-41DA-9681-06BA4B011DD2.svs
25,TCGA-33-4582-01Z-00-DX1.629AEDB6-E9AA-4615-92E8-5DDAAFF6103E.svs
26,TCGA-33-4583-01Z-00-DX1.c5e3071e-a941-46db-a987-74a059ee6d69.svs
27,TCGA-33-4583-01Z-00-DX2.8fc10fa1-82b8-49c5-972b-e4303b4293a7.svs
28,TCGA-33-4583-01Z-00-DX4.efa9cdaf-3a6a-4e31-9826-e90f6f3420b7.svs
29,TCGA-33-4583-01Z-00-DX5.e2724cf8-d3fd-4ad2-9732-4ba02220d053.svs
30,TCGA-33-4586-01Z-00-DX1.3b7dbb34-4bb4-4de5-a67f-1b6260fd8f15.svs
31,TCGA-33-4586-01Z-00-DX2.a9798fe4-8db9-41d7-8d00-eb2a9eef1bc0.svs
32,TCGA-33-6738-01Z-00-DX1.d688fae9-4daf-4b6e-b907-fb55e3983d62.svs
33,TCGA-33-6738-01Z-00-DX2.3a2fa17d-0297-4b0c-8a5f-aa18c5342ef4.svs
34,TCGA-33-6738-01Z-00-DX3.26deb8f3-f138-45e4-9765-f713030746e8.svs
35,TCGA-33-6738-01Z-00-DX4.8a8b2411-f425-4181-82cc-0c8535055028.svs
36,TCGA-33-6738-01Z-00-DX5.4af96952-d323-4d2e-9871-e590b7c5f59d.svs
37,TCGA-33-6738-01Z-00-DX6.631ec263-2df0-4d13-982b-14db382a2532.svs
38,TCGA-33-A4WN-01Z-00-DX1.438D0EF6-C329-41E5-A7D5-7F037DE34106.svs
39,TCGA-33-A4WN-01Z-00-DX2.0AC8FFA9-BD94-4B28-8066-5430D6053432.svs
40,TCGA-33-A5GW-01Z-00-DX1.6F0833B7-EDAB-4DF4-83D9-393D8ADBFCF3.svs
41,TCGA-33-A5GW-01Z-00-DX2.8E12990B-CA60-4C94-9309-9A0DA6C63588.svs
42,TCGA-33-A5GW-01Z-00-DX3.7A1C5169-96C6-4ECB-81E1-1050EFE84B60.svs
43,TCGA-33-AAS8-01Z-00-DX1.774A64E2-17E4-468C-BFE9-85F0D4F52D0E.svs
44,TCGA-33-AASB-01Z-00-DX1.7AAF5628-3B4D-4230-8375-AB1A51054466.svs
45,TCGA-33-AASD-01Z-00-DX1.DAB3D05A-A6CE-47D1-90B6-79EBABAC3454.svs
46,TCGA-33-AASI-01Z-00-DX1.71BC119D-9916-4214-9294-26301F2E430F.svs
47,TCGA-33-AASJ-01Z-00-DX1.0201CE2A-4DE6-4B4E-A010-37D773207F52.svs
48,TCGA-34-2600-01Z-00-DX1.CDCAAE91-3056-4952-B988-00F3722B520B.svs
49,TCGA-34-2604-01Z-00-DX1.C04E4FF6-6E62-432D-AD1E-D0AACAA66875.svs
50,TCGA-34-2605-01Z-00-DX1.4DC249E9-26AD-4C0A-918C-3BC6C2DACDD0.svs
51,TCGA-34-5232-01Z-00-DX1.7483c36b-8473-439b-a726-2821ec834fc2.svs
52,TCGA-34-5241-01Z-00-DX1.7abc4737-9a9c-4270-8297-58ea167cea63.svs
53,TCGA-34-5928-01Z-00-DX1.d336efc9-3ebb-4457-a81b-1e448781f999.svs
54,TCGA-34-5929-01Z-00-DX1.a461aed7-0ba9-44dc-8f5b-941cb57aa855.svs
55,TCGA-34-7107-01Z-00-DX1.c72202e6-740d-4891-945c-f360f7c56bc9.svs
56,TCGA-34-8454-01Z-00-DX1.A2308ED3-E430-4448-853F-B51412354279.svs
57,TCGA-49-4487-01Z-00-DX1.3a3a0720-463c-430e-849b-e2f8991bdfa5.svs
58,TCGA-49-4488-01Z-00-DX1.c9beef33-2d53-4fcb-8293-f083d9fedddc.svs
59,TCGA-49-4488-01Z-00-DX2.ce896a98-8b45-4606-8849-3a377b81e3de.svs
60,TCGA-49-4488-01Z-00-DX3.341ea7ac-ee5f-4ad2-9d01-d81a4d2e9b13.svs
61,TCGA-49-4488-01Z-00-DX4.17c00349-5908-4944-9dba-5efea9a5373a.svs
62,TCGA-49-4488-01Z-00-DX5.6380c697-c81b-48c8-863c-ea1cdd097464.svs
63,TCGA-49-4488-01Z-00-DX6.3ce306b2-1b00-48f7-8288-c24069037a9c.svs
64,TCGA-49-4488-01Z-00-DX7.a04b36c3-9cfd-4195-92c0-70046cd49d9a.svs
65,TCGA-49-4488-01Z-00-DX8.b9fb358a-9618-4956-9544-c2ffe2678095.svs
66,TCGA-49-4488-01Z-00-DX9.bf1e9d28-3ca2-4a62-bf3e-3e735c6a2885.svs
67,TCGA-49-4490-01Z-00-DX1.bde106d9-1494-4775-b77d-11c86bb09b72.svs
68,TCGA-49-4490-01Z-00-DX2.1b491bd7-60d2-40a6-96cd-01385bce2b0f.svs
69,TCGA-49-4490-01Z-00-DX3.0949a10a-0a1f-49dc-9296-ab4d4f0bf988.svs
70,TCGA-49-4490-01Z-00-DX4.4e94aeb6-f616-4bdd-82bc-2ca2f2b5a5c4.svs
71,TCGA-49-4490-01Z-00-DX5.feea87ff-61c6-465e-8b36-4803f6af3d62.svs
72,TCGA-49-4490-01Z-00-DX6.0a04ad8e-7f33-4496-bd9e-0110ec33f887.svs
73,TCGA-49-4494-01Z-00-DX1.2bf10e85-465a-4b17-abd7-3565f0e538a5.svs
74,TCGA-49-4494-01Z-00-DX2.cac5ed0a-98c3-4d37-a4f4-9596a061836a.svs
75,TCGA-49-4494-01Z-00-DX3.e80b4534-4d6e-4d79-962e-017ffee24d67.svs
76,TCGA-49-4494-01Z-00-DX4.4c6a4560-adee-4fc9-8fd8-feb7f89e51e3.svs
77,TCGA-49-4494-01Z-00-DX5.1e9e22d6-a4c9-40d1-aedb-b6cd404fe16f.svs
78,TCGA-49-4494-01Z-00-DX6.3791a027-7ddb-429c-99a5-bb84a4307550.svs
79,TCGA-49-4494-01Z-00-DX7.9f722476-622e-4374-9fda-ef35184f01e0.svs
80,TCGA-49-4501-01Z-00-DX1.9c4bf212-5e32-449e-8710-cf7a3594156e.svs
81,TCGA-49-4501-01Z-00-DX2.07b7723d-136b-490c-9dd3-7f3aef78d3d9.svs
82,TCGA-49-4501-01Z-00-DX3.b6c2cc84-1c94-4816-92e7-8cf4446ac9ac.svs
83,TCGA-49-4505-01Z-00-DX1.d49d603e-1f76-43a1-a803-9f2d6a6df715.svs
84,TCGA-49-4505-01Z-00-DX2.48df81e7-5a8e-4c5b-993a-6a54481a35e9.svs
85,TCGA-49-4505-01Z-00-DX3.d3f8d0c4-e4bc-4201-9b2f-e010f51dd8c3.svs
86,TCGA-49-4505-01Z-00-DX4.623c4278-fc3e-4c80-bb4d-000e24fbb1c2.svs
87,TCGA-49-4506-01Z-00-DX1.b13b8ef2-fd06-4309-a767-696a9afeaedd.svs
88,TCGA-49-4506-01Z-00-DX2.81e180ae-bd9f-49cc-9a0f-297800cc7280.svs
89,TCGA-49-4506-01Z-00-DX3.a05a3969-bbef-48d8-86de-f51c8870afd6.svs
90,TCGA-49-4506-01Z-00-DX4.9460a2c1-efe2-4095-9b0e-dfe0eda684ba.svs
91,TCGA-49-4510-01Z-00-DX1.0b7c713f-6f72-42c3-967d-7e19a280e761.svs
92,TCGA-49-4510-01Z-00-DX2.e0552b15-6bd7-4660-8a60-9edd0d638e7e.svs
93,TCGA-49-6744-01Z-00-DX1.40f8f751-b756-4576-b1ee-8dd2e8f89ff7.svs
94,TCGA-49-6744-01Z-00-DX2.1982e585-65a4-4330-9140-ccabcdd106f8.svs
95,TCGA-49-6744-01Z-00-DX3.fa64d744-6caa-4f62-8689-33da9c312838.svs
96,TCGA-49-6744-01Z-00-DX4.a3d7995d-399f-4c53-aab8-adc4ea4dbfa8.svs
97,TCGA-49-6761-01Z-00-DX1.10c577a2-f65c-4517-8a25-83d44e380f8f.svs
98,TCGA-49-AAR0-01Z-00-DX1.1635383C-0FB3-4CF9-BABC-08AC19CCE501.svs
99,TCGA-49-AAR3-01Z-00-DX1.B4D85F13-CEB4-46DA-BF39-0200B9E55835.svs
100,TCGA-49-AAR4-01Z-00-DX1.EDB32358-AF23-4F81-A99F-15574A2DE28E.svs
101,TCGA-49-AARE-01Z-00-DX1.3559B3A9-6699-472F-B731-1BD9F93EE82A.svs
102,TCGA-49-AARN-01Z-00-DX1.E13AA041-978E-427D-AFA5-D3180224A03A.svs
103,TCGA-49-AARQ-01Z-00-DX1.3FA36419-1658-4602-9170-84A622787C3E.svs
104,TCGA-49-AARR-01Z-00-DX1.9BCAFE3D-447C-40D6-85DD-AFABF6978376.svs
105,TCGA-50-5045-01Z-00-DX1.ec50bbfc-1721-4e94-ac11-9ebd843e11ba.svs
106,TCGA-50-5045-01Z-00-DX2.0FCA12EA-572E-4A7D-900D-6E200892170E.svs
107,TCGA-50-5055-01Z-00-DX1.0c9d846b-89b4-4b18-a2eb-0f8d8e0a33c7.svs
108,TCGA-50-5055-01Z-00-DX2.446EC3BB-2ED7-4253-8A39-AC68331F08E7.svs
109,TCGA-50-5066-01Z-00-DX1.e161df31-84a4-40a4-a6a2-748b60820f77.svs
110,TCGA-50-5066-02Z-00-DX1.A2CA045A-7956-4E04-9EC9-5856FC789110.svs
111,TCGA-50-5068-01Z-00-DX1.13f1c31e-4d4c-4562-8447-c5bbfbf670a9.svs
112,TCGA-50-5068-01Z-00-DX2.0492A5C6-09CB-424B-BE20-10A1CBEA2E57.svs
113,TCGA-50-5931-01Z-00-DX1.34261ED6-7815-487C-A50C-2DAD587187B9.svs
114,TCGA-50-5939-01Z-00-DX1.745D7503-0744-46B1-BC89-EBB8FCE2D55C.svs
115,TCGA-50-5942-01Z-00-DX1.da1b1274-8740-4c79-adf9-25800913eafa.svs
116,TCGA-50-5946-01Z-00-DX1.5076CACA-E3C0-4114-BA69-5B4896FF0C4B.svs
117,TCGA-50-6590-01Z-00-DX1.B08B2656-3DC7-4D35-A54D-9C57A7A773B3.svs
118,TCGA-50-6591-01Z-00-DX1.12e1050b-75e9-4059-b945-291995b3e93c.svs
119,TCGA-50-6593-01Z-00-DX1.a63e298c-cbe7-44e8-8d8e-34ebb93530ca.svs
120,TCGA-50-6673-01Z-00-DX1.e24fb432-3fff-4f00-a316-16d05275c1e7.svs
121,TCGA-50-7109-01Z-00-DX1.08f6420c-baa2-4e79-908e-ebbdeec503a6.svs
122,TCGA-60-2697-01Z-00-DX1.e11a5b5b-c4be-4fe1-b7db-08879e55d552.svs
123,TCGA-60-2698-01Z-00-DX1.738ae69e-5170-46d6-b691-9f761f9a794b.svs
124,TCGA-60-2706-01Z-00-DX1.db003232-66ab-437e-81c7-f490310ca03a.svs
125,TCGA-60-2707-01Z-00-DX1.4aafd76b-eb0e-4ab9-a740-682c169a3c3d.svs
126,TCGA-60-2709-01Z-00-DX1.ded10e7c-c1ca-4402-be0e-f3978994d4af.svs
127,TCGA-60-2710-01Z-00-DX1.45f8ef49-d5bb-404c-9ac5-c7882bc59b45.svs
128,TCGA-60-2711-01Z-00-DX1.186b9a92-fcae-45b6-a52c-e8da0c1a419c.svs
129,TCGA-60-2712-01Z-00-DX1.97003dfc-4b37-4491-86e8-0801e6825aae.svs
130,TCGA-60-2713-01Z-00-DX1.8cc5fb8d-be9c-4f25-b088-85e1feff834a.svs
131,TCGA-60-2714-01Z-00-DX1.13f280a8-c8d3-48bb-8a38-49ce9ad9e1a2.svs
132,TCGA-60-2715-01Z-00-DX1.22710dc4-eaf5-44c2-8438-c6dcfae1d452.svs
133,TCGA-60-2719-01Z-00-DX1.e834671a-7468-4517-bf95-4e100f87e9a3.svs
134,TCGA-60-2720-01Z-00-DX1.5ff16714-210d-44c3-856a-5877fd06e986.svs
135,TCGA-60-2721-01Z-00-DX1.8ea139d5-018b-4a66-915e-4784c808742e.svs
136,TCGA-60-2722-01Z-00-DX1.f3781266-e8dc-4386-9702-5b29e6f2cfa3.svs
137,TCGA-60-2725-01Z-00-DX1.b9d038d6-c2fb-4e46-a4ef-80fdbfb56d0a.svs
138,TCGA-73-4658-01Z-00-DX1.d5beb44f-9d76-485a-8af4-407b0f1a610e.svs
139,TCGA-73-4662-01Z-00-DX1.76e23a15-0917-44ad-9181-50100d318003.svs
140,TCGA-73-4666-01Z-00-DX1.dd9c8922-ddd1-4674-8124-9e334532e47e.svs
141,TCGA-73-4670-01Z-00-DX1.a92a23d5-01aa-45a2-9f83-4784cd65fd58.svs
142,TCGA-73-4675-01Z-00-DX1.1027587f-8ec4-4b8c-8768-ff7b669683e0.svs
143,TCGA-73-7499-01Z-00-DX1.81f5c1c1-3d40-4773-a1fb-e1f8eb9f6730.svs
144,TCGA-73-A9RS-01Z-00-DX1.EDCEFE41-61E2-48C9-B8D5-28B55372E0CA.svs
145,TCGA-77-6843-01Z-00-DX1.5ced4995-81a1-4dfd-82b2-0cabf4538bc5.svs
146,TCGA-77-6844-01Z-00-DX1.5ace8702-ea00-4e0d-84e8-6615fc361f5a.svs
147,TCGA-77-7139-01Z-00-DX1.b8b79b0c-4ea0-4f6c-8e6e-29ad76eca78f.svs
148,TCGA-77-7140-01Z-00-DX1.e75db0f0-839e-4ade-aa52-aa4736318d6c.svs
149,TCGA-77-7141-01Z-00-DX1.3263490a-cfba-43a8-8198-5139dbf00bf9.svs
150,TCGA-77-7142-01Z-00-DX1.699e0ebe-b37b-425f-a0a5-ddb0263da84c.svs
151,TCGA-77-7337-01Z-00-DX1.e15727e3-e9c8-44a0-87bb-caeaeb00840c.svs
152,TCGA-77-7463-01Z-00-DX1.c255e325-1ba7-4108-b8b8-22c02241c83f.svs
153,TCGA-77-7465-01Z-00-DX1.25e4b0b4-4948-432f-8010-a6c6e4652cab.svs
154,TCGA-77-8007-01Z-00-DX1.06f0e4a1-936d-4bc2-acbf-cfec25fed190.svs
155,TCGA-77-8128-01Z-00-DX1.5831331a-8c82-4817-977e-1842250d9c7b.svs
156,TCGA-77-8130-01Z-00-DX1.e9f78b45-ed59-4e80-83c2-c6d5bb68e622.svs
157,TCGA-77-8131-01Z-00-DX1.dcb8e2c7-0d2f-4b38-9db8-cc026a61699e.svs
158,TCGA-77-8133-01Z-00-DX1.fcc117be-cc86-437a-8500-edb045d4195a.svs
159,TCGA-77-8136-01Z-00-DX1.15cdacc3-ee04-4323-b5e4-4f6d7085bd38.svs
160,TCGA-77-8138-01Z-00-DX1.fac6dcf9-7367-4345-a764-38e5471763c0.svs
161,TCGA-77-8139-01Z-00-DX1.242d68e3-5ee0-4484-8403-e2ffd1ede20b.svs
162,TCGA-77-8140-01Z-00-DX1.b35a0672-9f04-4c34-a894-0ccc38151639.svs
163,TCGA-77-8143-01Z-00-DX1.e844a7e1-ebba-4acb-8fe2-08aee2102848.svs
164,TCGA-77-8144-01Z-00-DX1.5194d537-c942-45f3-967b-eb213646ff24.svs
165,TCGA-77-8145-01Z-00-DX1.9d76de05-3cb7-4cd8-879b-11ea7f88d583.svs
166,TCGA-77-8146-01Z-00-DX1.19213f57-1890-4e56-9909-86e506be1833.svs
167,TCGA-77-8148-01Z-00-DX1.2066e518-636c-4917-9dd4-78ab3605e8f6.svs
168,TCGA-77-8150-01Z-00-DX1.8ae93dac-2038-4426-9ddf-6fb857f6938a.svs
169,TCGA-77-8153-01Z-00-DX1.E8E40968-E7AD-4EA2-A832-8EC04D5CB7A1.svs
170,TCGA-77-8154-01Z-00-DX1.5ca9afa5-e5d8-46d7-b542-c27649bd214e.svs
171,TCGA-77-A5G7-01Z-00-DX1.F1FECF5D-C940-43D0-B49B-66C95AD9C85A.svs
172,TCGA-77-A5G8-01Z-00-DX1.4F66CA44-C238-4293-882C-5357ABD7115F.svs
173,TCGA-77-A5GA-01Z-00-DX1.8A1605A0-A0FF-479C-BFAC-AD6BD7081AC9.svs
174,TCGA-77-A5GF-01Z-00-DX1.8E70F660-4492-4BEB-A688-217DE27C1E6D.svs
175,TCGA-77-A5GH-01Z-00-DX1.2F4C2F84-17AE-415A-BF6C-01A899BAAE68.svs
176,TCGA-78-7146-01Z-00-DX1.830209b2-94c5-4277-a7b6-b2f2634de0dc.svs
177,TCGA-78-7147-01Z-00-DX1.a9fd2c5d-b8f3-4524-bd64-6c3362ce373b.svs
178,TCGA-78-7149-01Z-00-DX1.1b83dbcb-0c9f-4e50-bb98-bf9a157052cf.svs
179,TCGA-78-7150-01Z-00-DX1.46e6e65c-521c-49de-b106-419dc840b235.svs
180,TCGA-78-7154-01Z-00-DX1.596c20c2-e811-4b5e-961c-98343afcccde.svs
181,TCGA-78-7155-01Z-00-DX1.32258467-7550-4a1b-8df9-a869fb83e559.svs
182,TCGA-78-7159-01Z-00-DX1.399d865f-f4f9-4602-b15b-908be0afe459.svs
183,TCGA-78-7160-01Z-00-DX1.f40f6c04-74b1-4cef-aabc-cbafadbdf39f.svs
184,TCGA-78-7161-01Z-00-DX1.646cf15a-5961-4728-b9fe-fe3fff11831f.svs
185,TCGA-78-7163-01Z-00-DX1.42880bdf-271d-41dd-aada-e7ec1156ff31.svs
186,TCGA-78-7166-01Z-00-DX1.d19ad2d9-b006-4a13-ba54-2fec234c2373.svs
187,TCGA-78-7220-01Z-00-DX1.3df84ce0-4395-4c9e-ba62-76b55676a440.svs
188,TCGA-78-7535-01Z-00-DX1.c4ca06f3-22d1-4e39-85c8-98d1fa2b0e60.svs
189,TCGA-78-7536-01Z-00-DX1.6b066140-8b82-40a5-bd48-430eeb4463fe.svs
190,TCGA-78-7537-01Z-00-DX1.e5597e41-ebba-4d6f-8a1f-15cd81d8f026.svs
191,TCGA-78-7539-01Z-00-DX1.b838d859-2fb7-48d1-a442-d366ac404099.svs
192,TCGA-78-7542-01Z-00-DX1.2ee042a6-11ee-4668-b254-44144fca4234.svs
193,TCGA-78-7633-01Z-00-DX1.f0cd4825-eb92-4098-954a-fbb1e4851660.svs
194,TCGA-78-8640-01Z-00-DX1.6F929E56-34D5-45A6-8A9E-ACB4B88A68B1.svs
195,TCGA-78-8655-01Z-00-DX1.DC81D146-A4A6-411E-A5DC-C0689A8D445F.svs
196,TCGA-78-8660-01Z-00-DX1.11E923ED-C01B-439D-8796-08C9E3DC2D93.svs
197,TCGA-78-8662-01Z-00-DX1.754A4C57-B5FA-4077-99E4-F6EFA6459410.svs
198,TCGA-85-6175-01Z-00-DX1.102f9bad-4084-4e3a-99e9-91e026ad9a62.svs
199,TCGA-85-6560-01Z-00-DX1.bf857c85-ebe7-4135-a4ec-038a57efc319.svs
200,TCGA-85-6561-01Z-00-DX1.7bb9f936-00e1-4014-a6ae-8dc1c64d7f42.svs
201,TCGA-85-7699-01Z-00-DX1.418bb5e3-9721-41b0-82f6-21ce3cc29de2.svs
202,TCGA-85-7710-01Z-00-DX1.8bcfe326-1c19-4ebe-879d-83e77739f006.svs
203,TCGA-85-7844-01Z-00-DX1.9035209b-75ae-4c9b-8edf-5851af490f29.svs
204,TCGA-85-7950-01Z-00-DX1.ddf7d987-7e4f-4327-83d5-0047e2806ed1.svs
205,TCGA-85-8070-01Z-00-DX1.54e7edf1-28d3-4fd5-bab3-951e58620386.svs
206,TCGA-85-8071-01Z-00-DX1.876f6b0b-f615-43b2-8923-ee21f94568b7.svs
207,TCGA-85-8277-01Z-00-DX1.ffad077e-e969-40ba-8504-2f2103911758.svs
208,TCGA-85-8350-01Z-00-DX1.F9A32453-2E24-4874-A1FA-67B4173ABF03.svs
209,TCGA-85-8351-01Z-00-DX1.E3340212-A6C4-4CB4-89A3-E632D3481BE4.svs
210,TCGA-85-8352-01Z-00-DX1.47426016-95BC-49C0-9844-06A3A7EAE5D6.svs
211,TCGA-85-8353-01Z-00-DX1.2A333CFA-3D8A-41B2-9D08-8AAF431BFE54.svs
212,TCGA-85-8355-01Z-00-DX1.146ECC8D-858B-4DDA-B7FE-DBC22CC8C24D.svs
213,TCGA-85-8481-01Z-00-DX1.0f626863-3eb5-4b35-b4fe-22a03d767f15.svs
214,TCGA-85-8580-01Z-00-DX1.1b942bbe-2c6e-4411-8609-1725e5cb93da.svs
215,TCGA-85-8664-01Z-00-DX1.d83b183e-4cc6-4608-93fb-46e69d36a2fa.svs
216,TCGA-85-8666-01Z-00-DX1.d856233a-beef-4da2-a724-759fe23e6227.svs
217,TCGA-85-A4CL-01Z-00-DX1.05BC31FF-3B88-489F-9BD2-5B2B31C72EDB.svs
218,TCGA-85-A4CN-01Z-00-DX1.051538DE-0F7E-4CE1-9D87-18155D9DCC8B.svs
219,TCGA-85-A4JB-01Z-00-DX1.3CEC3662-68C1-4874-8273-540459B8F138.svs
220,TCGA-85-A4JC-01Z-00-DX1.6B4ED63F-ADF9-49F4-A30B-AB3A5EEFDDB7.svs
221,TCGA-85-A4QR-01Z-00-DX1.B5E18F89-D5B4-4F51-BC7E-9FA868A6A443.svs
222,TCGA-85-A50M-01Z-00-DX1.CFB67271-FC1B-4BA0-95DB-51D859D68D18.svs
223,TCGA-85-A513-01Z-00-DX1.9C4C6BA2-BBEB-4EC6-9A70-65B1F6198E1F.svs
224,TCGA-85-A5B5-01Z-00-DX1.88097FC2-BAAD-4986-AECD-C07C9F3ED856.svs
225,TCGA-86-6562-01Z-00-DX1.5dea3015-e606-4837-9f99-ac14f0aa091b.svs
226,TCGA-86-6851-01Z-00-DX1.0b13e600-fd7b-44a2-9ec2-26e9938fb7bc.svs
227,TCGA-86-7711-01Z-00-DX1.f64dd9d8-b9ca-4d1f-9783-d1042979132d.svs
228,TCGA-86-7714-01Z-00-DX1.8ee03c3b-013e-4dd5-aa0e-9c1a771cbdc5.svs
229,TCGA-86-8055-01Z-00-DX1.546dc42e-3742-4da5-8f9b-80732180ce76.svs
230,TCGA-86-8075-01Z-00-DX1.171bd8bd-af24-4770-b24b-732e675efd75.svs
231,TCGA-86-8279-01Z-00-DX1.fd12b60e-d181-454b-a655-298a973a849d.svs
232,TCGA-86-8281-01Z-00-DX1.02237263-003b-4de1-8a2f-0f3ad14768c7.svs
233,TCGA-86-8359-01Z-00-DX1.11B8FDC3-4B84-4A22-B89D-46EA76345F13.svs
234,TCGA-86-8669-01Z-00-DX1.845b8b4e-6445-4da1-8275-42b765c024cc.svs
235,TCGA-86-8672-01Z-00-DX1.94ca1954-921d-4ef6-a078-4e0fcb09157f.svs
236,TCGA-86-A4D0-01Z-00-DX1.165461AD-A8DA-4B7B-87CE-F5DBDBD2C0A7.svs
237,TCGA-86-A4JF-01Z-00-DX1.22828B15-D68E-4300-A3A8-FBC11B319BC5.svs
238,TCGA-86-A4P7-01Z-00-DX1.37026DCF-5A81-4098-B444-C8A40CA168D0.svs
239,TCGA-86-A4P8-01Z-00-DX1.D65E8855-F7A1-4584-A501-BBFBC61C2DEB.svs
